aluguel,area_quarto,zona
1.100,64 m² construídos3 quartos,sul
1.300,35 m² construídos1 quarto,sul
3.500,100 m² construídos3 quartos,sul
1.700,75 m² construídos2 quartos,sul
3.270,100 m² construídos3 quartos,sul
3.100,70 m² construídos2 quartos,sul
5.000,120 m² construídos3 quartos,sul
1.150,40 m² construídos1 quarto,sul
2.000,72 m² construídos3 quartos,sul
8.300,246 m² construídos4 quartos,sul
1.500,58 m² construídos2 quartos,sul
1.590,59 m² construídos2 quartos,sul
1.600,80 m² construídos2 quartos,sul
1.800,80 m² construídos2 quartos,sul
25.000,406 m² construídos3 quartos,sul
2.300,40 m² construídos1 quarto,sul
1.100,61 m² construídos2 quartos,sul
2.500,63 m² construídos2 quartos,sul
2.700,60 m² construídos2 quartos,sul
4.000,190 m² construídos3 quartos,sul
21.000,265 m² construídos3 quartos,sul
3.300,84 m² construídos2 quartos,sul
1.100,54 m² construídos2 quartos,sul
2.300,64 m² construídos3 quartos,sul
1.000,50 m² construídos2 quartos,sul
4.950,38 m² construídos1 quarto,sul
4.950,38 m² construídos1 quarto,sul
4.950,38 m² construídos1 quarto,sul
4.950,38 m² construídos1 quarto,sul
1.300,132 m² construídos1 quarto,sul
2.300,65 m² construídos2 quartos,sul
2.000,40 m² construídos1 quarto,sul
1.000,72 m² construídos2 quartos,sul
14.000,215 m² construídos4 quartos,sul
7.000,400 m² totais,sul
1.200,36 m² construídos1 quarto,sul
3.100,100 m² construídos2 quartos,sul
1.750,40 m² construídos1 quarto,sul
1.850,93 m² construídos2 quartos,sul
4.500,55 m² construídos2 quartos,sul
750,35 m² construídos1 quarto,sul
2.600,104 m² construídos3 quartos,sul
1.200,48 m² construídos2 quartos,sul
6.800,186 m² construídos3 quartos,sul
1.500,29 m² construídos1 quarto,sul
1.800,77 m² construídos3 quartos,sul
1.600,65 m² construídos2 quartos,sul
2.300,87 m² construídos2 quartos,sul
1.200,45 m² construídos2 quartos,sul
9.800,213 m² construídos3 quartos,sul
2.200,45 m² construídos1 quarto,sul
5.950,110 m² construídos3 quartos,sul
1.800,41 m² construídos1 quarto,sul
2.300,42 m² construídos1 quarto,sul
1.250,50 m² construídos1 quarto,sul
4.200,88 m² construídos2 quartos,sul
1.600,60 m² construídos2 quartos,sul
2.300,70 m² construídos1 quarto,sul
2.300,42 m² construídos1 quarto,sul
1.500,50 m² construídos1 quarto,sul
700,38 m² construídos2 quartos,sul
1.500,45 m² construídos1 quarto,sul
1.000,34 m² construídos1 quarto,sul
5.000,90 m² construídos3 quartos,sul
1.900,74 m² construídos3 quartos,sul
3.500,85 m² construídos3 quartos,sul
3.000,38 m² construídos1 quarto,sul
1.700,60 m² construídos2 quartos,sul
1.300,69 m² construídos2 quartos,sul
22.000,226 m² construídos4 quartos,sul
1.200,49 m² construídos2 quartos,sul
1.800,70 m² construídos2 quartos,sul
5.000,111 m² construídos3 quartos,sul
4.950,144 m² construídos2 quartos,sul
16.500,166 m² construídos3 quartos,sul
2.300,87 m² construídos2 quartos,sul
9.000,125 m² construídos3 quartos,sul
2.000,72 m² construídos3 quartos,sul
1.700,103 m² construídos2 quartos,sul
1.000,32 m² construídos1 quarto,sul
2.600,95 m² construídos3 quartos,sul
3.200,27 m² construídos1 quarto,sul
3.600,120 m² construídos3 quartos,sul
2.800,65 m² construídos2 quartos,sul
2.500,60 m² construídos2 quartos,sul
1.900,83 m² construídos2 quartos,sul
3.600,90 m² construídos3 quartos,sul
15.000,262 m² construídos4 quartos,sul
1.300,50 m² construídos2 quartos,sul
1.400,38 m² construídos1 quarto,sul
1.750,65 m² construídos2 quartos,sul
1.850,79 m² construídos2 quartos,sul
700,32 m² construídos1 quarto,sul
1.990,82 m² construídos2 quartos,sul
2.550,45 m² construídos1 quarto,sul
2.650,70 m² construídos1 quarto,sul
8.523,57 m² totais1 quarto,sul
3.300,45 m² construídos1 quarto,sul
4.000,102 m² construídos2 quartos,sul
1.450,33 m² construídos1 quarto,sul
3.500,63 m² construídos2 quartos,sul
4.300,157 m² construídos3 quartos,sul
5.500,67 m² construídos2 quartos,sul
3.500,45 m² construídos1 quarto,sul
13.799,105 m² construídos2 quartos,sul
10.000,221 m² construídos3 quartos,sul
2.990,49 m² construídos1 quarto,sul
7.000,104 m² construídos3 quartos,sul
3.650,94 m² construídos3 quartos,sul
2.685,75 m² construídos2 quartos,sul
2.685,75 m² construídos2 quartos,sul
18.000,234 m² construídos3 quartos,sul
5.000,210 m² construídos3 quartos,sul
4.000,96 m² construídos3 quartos,sul
3.400,94 m² construídos2 quartos,sul
4.300,157 m² construídos3 quartos,sul
3.500,63 m² construídos2 quartos,sul
4.900,35 m² construídos1 quarto,sul
2.900,60 m² construídos2 quartos,sul
4.500,104 m² construídos3 quartos,sul
1.900,69 m² construídos2 quartos,sul
8.200,99 m² construídos1 quarto,sul
2.590,41 m² construídos1 quarto,sul
3.000,51 m² construídos1 quarto,sul
2.500,41 m² construídos2 quartos,sul
10.000,255 m² construídos4 quartos,sul
3.000,65 m² construídos3 quartos,sul
4.300,157 m² construídos3 quartos,sul
5.000,170 m² construídos3 quartos,sul
2.600,41 m² construídos1 quarto,sul
2.500,503 m² construídos3 quartos,sul
4.300,157 m² construídos3 quartos,sul
5.000,124 m² construídos3 quartos,sul
2.588,36 m² construídos1 quarto,sul
8.500,57 m² construídos1 quarto,sul
3.800,41 m² construídos1 quarto,sul
5.200,70 m² construídos2 quartos,sul
2.000,35 m² construídos1 quarto,sul
2.500,45 m² construídos1 quarto,sul
1.500,48 m² construídos1 quarto,sul
1.600,50 m² construídos1 quarto,sul
3.000,51 m² construídos2 quartos,sul
5.800,110 m² construídos3 quartos,sul
7.000,110 m² construídos3 quartos,sul
3.500,92 m² construídos3 quartos,sul
7.700,"1,604 m² construídos4 quartos",sul
4.256,40 m² construídos1 quarto,sul
5.095,50 m² construídos1 quarto,sul
6.100,62 m² construídos1 quarto,sul
1.700,90 m² construídos2 quartos,sul
2.550,65 m² construídos2 quartos,sul
5.000,210 m² construídos3 quartos,sul
2.500,119 m² construídos3 quartos,sul
8.000,288 m² construídos2 quartos,sul
7.000,140 m² construídos3 quartos,sul
2.900,75 m² construídos3 quartos,sul
12.000,360 m² construídos4 quartos,sul
8.000,283 m² construídos4 quartos,sul
16.000,337 m² construídos3 quartos,sul
13.000,370 m² construídos4 quartos,sul
11.600,180 m² construídos2 quartos,sul
25.000,226 m² construídos4 quartos,sul
4.400,138 m² construídos3 quartos,sul
8.500,210 m² construídos4 quartos,sul
2.800,91 m² construídos3 quartos,sul
2.000,42 m² construídos1 quarto,sul
1.800,50 m² construídos1 quarto,sul
2.300,45 m² construídos1 quarto,sul
3.500,102 m² construídos2 quartos,sul
1.650,73 m² construídos3 quartos,sul
3.200,60 m² construídos2 quartos,sul
3.300,72 m² construídos2 quartos,sul
10.500,350 m² construídos3 quartos,sul
2.500,128 m² construídos3 quartos,sul
2.700,92 m² construídos3 quartos,sul
1.880,64 m² construídos3 quartos,sul
9.000,167 m² construídos4 quartos,sul
1.600,58 m² construídos2 quartos,sul
6.500,135 m² construídos2 quartos,sul
1.700,41 m² construídos2 quartos,sul
3.600,110 m² construídos3 quartos,sul
2.200,73 m² construídos2 quartos,sul
8.000,222 m² construídos4 quartos,sul
1.700,75 m² construídos2 quartos,sul
10.000,165 m² construídos4 quartos,sul
7.000,145 m² construídos4 quartos,sul
1.900,55 m² construídos2 quartos,sul
12.000,296 m² construídos4 quartos,sul
20.000,370 m² construídos4 quartos,sul
12.000,47 m² construídos1 quarto,sul
6.000,265 m² construídos4 quartos,sul
3.700,70 m² construídos2 quartos,sul
15.000,360 m² construídos4 quartos,sul
13.500,220 m² construídos5 quartos,sul
16.000,329 m² construídos4 quartos,sul
10.000,337 m² construídos3 quartos,sul
5.000,205 m² construídos3 quartos,sul
20.000,337 m² construídos4 quartos,sul
14.300,103 m² construídos1 quarto,sul
12.334,337 m² construídos3 quartos,sul
8.500,311 m² construídos4 quartos,sul
8.500,280 m² construídos4 quartos,sul
29.000,600 m² construídos4 quartos,sul
28.000,287 m² construídos4 quartos,sul
10.500,332 m² construídos5 quartos,sul
12.000,296 m² construídos4 quartos,sul
13.000,329 m² construídos4 quartos,sul
30.000,609 m² construídos4 quartos,sul
8.700,78 m² construídos2 quartos,sul
5.000,210 m² construídos3 quartos,sul
6.000,88 m² construídos2 quartos,sul
8.750,460 m² construídos5 quartos,sul
20.000,290 m² construídos3 quartos,sul
17.000,187 m² construídos3 quartos,sul
22.000,226 m² construídos4 quartos,sul
11.000,111 m² construídos2 quartos,sul
19.450,370 m² construídos4 quartos,sul
11.000,309 m² construídos5 quartos,sul
16.000,337 m² construídos3 quartos,sul
4.500,70 m² construídos1 quarto,sul
15.000,245 m² construídos3 quartos,sul
2.772,62 m² construídos2 quartos,sul
7.500,146 m² construídos3 quartos,sul
3.300,49 m² construídos2 quartos,sul
3.200,81 m² construídos3 quartos,sul
4.800,60 m² construídos2 quartos,sul
11.000,147 m² construídos3 quartos,sul
3.000,47 m² construídos1 quarto,sul
3.500,69 m² construídos2 quartos,sul
15.000,280 m² construídos4 quartos,sul
3.300,49 m² construídos2 quartos,sul
3.800,85 m² construídos2 quartos,sul
12.000,"25,855 m² construídos3 quartos",sul
2.300,61 m² construídos2 quartos,sul
1.800,57 m² construídos2 quartos,sul
4.850,55 m² construídos2 quartos,sul
3.500,65 m² construídos2 quartos,sul
5.000,100 m² construídos2 quartos,sul
15.000,310 m² construídos4 quartos,sul
3.450,30 m² construídos1 quarto,sul
14.500,185 m² construídos4 quartos,sul
20.000,225 m² construídos4 quartos,sul
2.770,62 m² construídos2 quartos,sul
3.000,41 m² construídos1 quarto,sul
6.500,132 m² construídos3 quartos,sul
7.700,115 m² construídos3 quartos,sul
2.900,70 m² construídos1 quarto,sul
3.500,65 m² construídos2 quartos,sul
10.500,126 m² construídos2 quartos,sul
3.900,74 m² construídos2 quartos,sul
3.500,345 m² construídos3 quartos,sul
3.500,35 m² construídos1 quarto,sul
2.600,70 m² construídos1 quarto,sul
7.500,138 m² construídos3 quartos,sul
6.800,110 m² construídos4 quartos,sul
7.500,205 m² construídos4 quartos,sul
15.000,190 m² construídos3 quartos,sul
3.000,70 m² construídos2 quartos,sul
8.500,220 m² construídos3 quartos,sul
2.160,36 m² construídos1 quarto,sul
6.500,190 m² construídos3 quartos,sul
5.500,160 m² construídos3 quartos,sul
3.200,72 m² construídos2 quartos,sul
3.000,95 m² construídos3 quartos,sul
3.800,50 m² construídos1 quarto,sul
4.000,86 m² construídos2 quartos,sul
15.000,240 m² construídos4 quartos,sul
3.600,70 m² construídos2 quartos,sul
2.700,70 m² construídos2 quartos,sul
2.200,63 m² construídos2 quartos,sul
3.100,72 m² construídos3 quartos,sul
5.250,130 m² construídos2 quartos,sul
4.900,90 m² construídos3 quartos,sul
19.000,190 m² construídos4 quartos,sul
2.100,64 m² construídos3 quartos,sul
4.000,60 m² construídos1 quarto,sul
5.500,170 m² construídos3 quartos,sul
13.000,220 m² construídos3 quartos,sul
8.500,56 m² construídos1 quarto,sul
6.000,170 m² construídos4 quartos,sul
2.500,128 m² construídos3 quartos,sul
9.000,208 m² construídos4 quartos,sul
8.500,204 m² construídos3 quartos,sul
10.000,210 m² construídos4 quartos,sul
659.980,65 m² construídos2 quartos,sul
8.200,280 m² construídos4 quartos,sul
4.500,72 m² construídos1 quarto,sul
7.000,163 m² construídos4 quartos,sul
900,39 m² construídos1 quarto,norte
1.500,60 m² construídos2 quartos,norte
1.142,50 m² construídos2 quartos,norte
900,30 m² construídos1 quarto,norte
999,50 m² construídos2 quartos,norte
1.100,26 m² construídos1 quarto,norte
800,26 m² construídos1 quarto,norte
1.600,70 m² construídos2 quartos,norte
1.350,55 m² construídos2 quartos,norte
850,45 m² construídos1 quarto,norte
1.600,55 m² construídos2 quartos,norte
1.030,45 m² construídos1 quarto,norte
1.550,50 m² construídos2 quartos,norte
1.500,45 m² construídos1 quarto,norte
3.500,124 m² construídos3 quartos,norte
850,45 m² construídos1 quarto,norte
850,45 m² construídos1 quarto,norte
850,45 m² construídos1 quarto,norte
850,45 m² construídos1 quarto,norte
2.000,105 m² construídos3 quartos,norte
950,56 m² construídos2 quartos,norte
1.450,50 m² construídos2 quartos,norte
1.670,40 m² construídos1 quarto,norte
2.700,97 m² construídos3 quartos,norte
2.350,49 m² construídos1 quarto,norte
2.500,70 m² construídos2 quartos,norte
1.670,35 m² construídos1 quarto,norte
6.000,64 m² construídos2 quartos,norte
1.900,45 m² construídos2 quartos,norte
1.600,33 m² construídos1 quarto,norte
1.670,33 m² construídos1 quarto,norte
2.000,45 m² construídos2 quartos,norte
1.800,50 m² totais2 quartos,norte
1.500,33 m² construídos1 quarto,norte
1.800,74 m² construídos2 quartos,norte
4.200,60 m² construídos2 quartos,norte
1.150,40 m² totais1 quarto,norte
1.000,54 m² construídos2 quartos,norte
2.500,46 m² construídos1 quarto,norte
1.200,70 m² construídos2 quartos,norte
3.500,67 m² construídos2 quartos,norte
2.600,60 m² totais2 quartos,norte
2.350,80 m² construídos2 quartos,norte
3.800,61 m² construídos1 quarto,norte
1.650,60 m² construídos3 quartos,norte
1.500,65 m² construídos2 quartos,norte
990,45 m² construídos1 quarto,norte
1.300,62 m² construídos2 quartos,norte
1.400,43 m² construídos2 quartos,norte
900,25 m² construídos1 quarto,norte
2.300,55 m² construídos2 quartos,norte
1.400,45 m² construídos1 quarto,norte
1.100,54 m² construídos2 quartos,norte
2.000,67 m² construídos3 quartos,norte
2.500,93 m² construídos3 quartos,norte
1.800,70 m² construídos2 quartos,norte
1.200,52 m² construídos2 quartos,norte
13.000,248 m² construídos3 quartos,norte
1.400,58 m² construídos2 quartos,norte
2.700,86 m² construídos3 quartos,norte
2.200,58 m² construídos2 quartos,norte
1.200,51 m² construídos2 quartos,norte
1.800,65 m² construídos2 quartos,norte
2.300,60 m² construídos2 quartos,norte
1.610,64 m² construídos3 quartos,norte
1.700,54 m² construídos2 quartos,norte
1.300,30 m² construídos1 quarto,norte
1.700,58 m² construídos2 quartos,norte
3.200,54 m² construídos1 quarto,norte
130.000,46 m² construídos2 quartos,norte
1.450,50 m² construídos2 quartos,norte
2.100,55 m² construídos2 quartos,norte
1.890,60 m² construídos2 quartos,norte
1.500,42 m² construídos1 quarto,norte
1.300,45 m² construídos1 quarto,norte
1.500,55 m² construídos2 quartos,norte
1.000,60 m² construídos2 quartos,norte
1.000,18 m² construídos1 quarto,norte
1.700,48 m² construídos2 quartos,norte
1.300,44 m² construídos1 quarto,norte
1.500,74 m² construídos2 quartos,norte
1.300,45 m² construídos2 quartos,norte
1.100,30 m² construídos1 quarto,norte
1.500,55 m² construídos2 quartos,norte
2.000,70 m² construídos3 quartos,norte
2.000,90 m² construídos3 quartos,norte
1.350,40 m² construídos1 quarto,norte
2.800,126 m² construídos2 quartos,norte
2.200,93 m² construídos3 quartos,norte
1.100,40 m² construídos1 quarto,norte
1.100,40 m² construídos1 quarto,norte
1.100,40 m² construídos1 quarto,norte
1.100,45 m² construídos1 quarto,norte
1.100,45 m² construídos1 quarto,norte
1.100,45 m² construídos1 quarto,norte
1.100,40 m² construídos1 quarto,norte
1.300,62 m² construídos2 quartos,norte
1.300,62 m² construídos2 quartos,norte
700,40 m² construídos1 quarto,norte
1.350,50 m² construídos2 quartos,norte
1.550,60 m² construídos3 quartos,norte
2.000,110 m² construídos3 quartos,norte
2.000,110 m² construídos3 quartos,norte
1.500,78 m² construídos2 quartos,norte
2.800,65 m² construídos2 quartos,norte
1.600,60 m² construídos2 quartos,norte
4.800,67 m² construídos2 quartos,norte
3.500,67 m² construídos2 quartos,norte
4.600,67 m² construídos2 quartos,norte
3.500,67 m² construídos2 quartos,norte
4.800,67 m² construídos2 quartos,norte
3.800,73 m² construídos1 quarto,norte
4.600,67 m² construídos2 quartos,norte
4.800,67 m² construídos2 quartos,norte
3.800,73 m² construídos1 quarto,norte
19.000,650 m² construídos,norte
41.500,"1,500 m² construídos",norte
3.600,78 m² construídos2 quartos,norte
3.000,44 m² construídos1 quarto,norte
3.900,74 m² construídos,norte
1.300,62 m² construídos2 quartos,norte
1.300,62 m² construídos2 quartos,norte
1.550,42 m² construídos1 quarto,norte
1.950,60 m² construídos2 quartos,norte
2.000,65 m² construídos2 quartos,norte
2.500,100 m² construídos3 quartos,norte
2.422,62 m² construídos3 quartos,norte
1.450,45 m² construídos2 quartos,norte
1.300,62 m² construídos2 quartos,norte
1.300,62 m² construídos2 quartos,norte
1.300,62 m² construídos2 quartos,norte
1.300,62 m² construídos2 quartos,norte
1.300,62 m² construídos2 quartos,norte
1.550,42 m² construídos1 quarto,norte
1.450,56 m² construídos2 quartos,norte
1.500,78 m² construídos3 quartos,norte
2.400,72 m² construídos2 quartos,norte
750,33 m² construídos1 quarto,norte
1.200,42 m² construídos2 quartos,norte
1.500,78 m² construídos3 quartos,norte
1.200,50 m² construídos2 quartos,norte
1.300,62 m² construídos2 quartos,norte
1.300,62 m² construídos2 quartos,norte
1.300,62 m² construídos2 quartos,norte
1.300,62 m² construídos2 quartos,norte
1.200,42 m² construídos2 quartos,norte
1.200,50 m² construídos2 quartos,norte
1.664,60 m² construídos2 quartos,norte
4.000,250 m² construídos,norte
1.200,70 m² construídos2 quartos,norte
850,35 m² construídos1 quarto,norte
1.300,80 m² construídos2 quartos,norte
1.000,48 m² construídos2 quartos,norte
1.500,78 m² construídos3 quartos,norte
680,22 m² construídos1 quarto,norte
1.400,45 m² construídos2 quartos,norte
2.300,39 m² construídos1 quarto,norte
2.200,49 m² construídos2 quartos,norte
2.000,40 m² construídos2 quartos,norte
4.000,121 m² construídos3 quartos,norte
1.800,110 m² construídos3 quartos,norte
3.000,100 m² construídos3 quartos,norte
10.500,260 m² construídos3 quartos,norte
2.100,84 m² construídos3 quartos,norte
2.000,78 m² construídos3 quartos,norte
1.300,44 m² construídos2 quartos,norte
7.500,200 m² construídos1 quarto,norte
1.800,94 m² construídos3 quartos,norte
1.400,55 m² construídos2 quartos,norte
2.750,160 m² construídos3 quartos,norte
1.800,45 m² construídos2 quartos,norte
1.500,57 m² construídos2 quartos,norte
1.100,58 m² construídos2 quartos,norte
1.300,50 m² construídos2 quartos,norte
1.550,76 m² construídos3 quartos,norte
1.850,92 m² construídos3 quartos,norte
1.400,30 m² construídos1 quarto,norte
1.800,45 m² construídos2 quartos,norte
1.800,45 m² construídos2 quartos,norte
1.800,45 m² construídos2 quartos,norte
1.700,65 m² construídos2 quartos,norte
1.300,52 m² construídos2 quartos,norte
2.400,75 m² construídos3 quartos,norte
1.300,57 m² construídos2 quartos,norte
1.500,68 m² construídos2 quartos,norte
916,40 m² construídos1 quarto,norte
1.000,62 m² construídos2 quartos,norte
832,25 m² construídos2 quartos,norte
782,25 m² construídos2 quartos,norte
832,25 m² construídos2 quartos,norte
1.200,58 m² construídos2 quartos,norte
2.200,99 m² construídos3 quartos,norte
3.000,271 m² construídos5 quartos,norte
810,28 m² construídos1 quarto,norte
970,35 m² construídos1 quarto,norte
832,25 m² construídos2 quartos,norte
1.400,70 m² construídos2 quartos,norte
782,25 m² construídos2 quartos,norte
1.100,52 m² construídos1 quarto,norte
1.416,89 m² construídos2 quartos,norte
2.500,60 m² construídos2 quartos,norte
2.500,60 m² construídos2 quartos,norte
1.550,53 m² construídos2 quartos,norte
2.200,77 m² construídos3 quartos,norte
820,30 m² construídos1 quarto,norte
1.564,55 m² construídos1 quarto,norte
1.800,84 m² construídos3 quartos,norte
2.200,212 m² construídos4 quartos,norte
7.000,175 m² construídos3 quartos,norte
2.100,140 m² construídos3 quartos,norte
1.150,60 m² construídos2 quartos,norte
850,40 m² construídos2 quartos,norte
1.100,39 m² construídos2 quartos,norte
981,45 m² construídos2 quartos,norte
832,25 m² construídos2 quartos,norte
1.800,60 m² construídos2 quartos,norte
830,26 m² construídos1 quarto,norte
782,25 m² construídos2 quartos,norte
1.200,55 m² construídos1 quarto,norte
1.700,100 m² construídos2 quartos,norte
832,25 m² construídos2 quartos,norte
1.700,80 m² construídos2 quartos,norte
1.300,119 m² construídos3 quartos,norte
832,25 m² construídos2 quartos,norte
832,25 m² construídos2 quartos,norte
1.185,60 m² construídos2 quartos,norte
1.050,40 m² construídos1 quarto,norte
1.406,65 m² construídos2 quartos,norte
835,30 m² construídos1 quarto,norte
1.160,43 m² construídos2 quartos,norte
2.300,110 m² construídos2 quartos,norte
1.700,54 m² construídos2 quartos,norte
1.400,45 m² construídos1 quarto,norte
1.450,48 m² construídos2 quartos,norte
892,37 m² construídos1 quarto,norte
787,25 m² construídos1 quarto,norte
1.650,58 m² construídos2 quartos,norte
2.800,90 m² construídos3 quartos,norte
3.500,130 m² construídos4 quartos,norte
1.500,65 m² construídos2 quartos,norte
950,50 m² construídos1 quarto,norte
1.270,49 m² construídos2 quartos,norte
1.270,89 m² construídos3 quartos,norte
1.310,60 m² construídos2 quartos,norte
1.240,36 m² construídos1 quarto,norte
1.500,70 m² construídos3 quartos,norte
1.300,39 m² construídos1 quarto,norte
1.200,50 m² construídos2 quartos,norte
1.500,78 m² construídos2 quartos,norte
1.920,51 m² construídos2 quartos,norte
7.000,158 m² construídos3 quartos,norte
2.700,68 m² construídos2 quartos,norte
2.200,55 m² construídos2 quartos,norte
2.800,185 m² construídos2 quartos,norte
1.500,70 m² construídos2 quartos,norte
1.310,30 m² construídos1 quarto,norte
2.000,98 m² construídos2 quartos,norte
1.390,50 m² construídos2 quartos,norte
3.000,92 m² construídos3 quartos,norte
2.380,63 m² construídos3 quartos,norte
1.500,58 m² construídos2 quartos,norte
2.000,70 m² construídos2 quartos,norte
5.000,150 m² construídos3 quartos,norte
2.940,64 m² construídos2 quartos,norte
858,30 m² construídos1 quarto,norte
1.900,86 m² construídos2 quartos,norte
1.300,40 m² construídos2 quartos,norte
1.900,45 m² construídos1 quarto,norte
2.390,55 m² construídos2 quartos,norte
1.962,70 m² construídos2 quartos,norte
1.992,120 m² construídos3 quartos,norte
3.000,130 m² construídos3 quartos,norte
2.600,120 m² construídos2 quartos,norte
2.500,68 m² construídos2 quartos,norte
2.500,72 m² construídos2 quartos,norte
1.800,50 m² construídos2 quartos,norte
1.800,65 m² construídos2 quartos,norte
1.552,58 m² construídos1 quarto,norte
6.000,168 m² construídos3 quartos,norte
1.850,100 m² construídos2 quartos,norte
2.950,180 m² construídos3 quartos,norte
840,23 m² construídos1 quarto,norte
1.750,20 m² construídos1 quarto,norte
2.200,65 m² construídos2 quartos,norte
2.000,60 m² construídos2 quartos,norte
2.280,34 m² construídos2 quartos,norte
3.500,88 m² construídos3 quartos,norte
1.400,70 m² construídos2 quartos,norte
1.700,62 m² construídos3 quartos,leste
900,40 m² construídos2 quartos,leste
890,22 m² construídos1 quarto,leste
1.500,50 m² construídos2 quartos,leste
1.700,47 m² construídos2 quartos,leste
4.500,92 m² construídos3 quartos,leste
3.500,80 m² construídos2 quartos,leste
1.200,56 m² construídos2 quartos,leste
2.100,70 m² construídos3 quartos,leste
1.800,74 m² construídos3 quartos,leste
1.500,50 m² construídos2 quartos,leste
2.500,75 m² construídos3 quartos,leste
1.300,52 m² construídos2 quartos,leste
1.000,40 m² construídos2 quartos,leste
1.100,47 m² construídos2 quartos,leste
1.550,54 m² construídos2 quartos,leste
2.000,56 m² construídos2 quartos,leste
2.300,39 m² construídos1 quarto,leste
1.300,36 m² construídos2 quartos,leste
1.000,32 m² construídos2 quartos,leste
790,30 m² construídos1 quarto,leste
1.150,50 m² construídos2 quartos,leste
1.550,58 m² construídos3 quartos,leste
2.300,72 m² construídos2 quartos,leste
1.400,67 m² construídos2 quartos,leste
900,46 m² construídos2 quartos,leste
3.000,44 m² construídos1 quarto,leste
1.400,60 m² construídos2 quartos,leste
1.700,111 m² construídos2 quartos,leste
8.000,148 m² construídos3 quartos,leste
1.900,60 m² construídos2 quartos,leste
1.750,61 m² construídos2 quartos,leste
6.000,73 m² construídos2 quartos,leste
900,56 m² construídos2 quartos,leste
1.200,50 m² construídos2 quartos,leste
2.000,61 m² construídos2 quartos,leste
1.400,50 m² construídos2 quartos,leste
1.150,57 m² construídos2 quartos,leste
1.700,52 m² construídos2 quartos,leste
1.100,70 m² construídos2 quartos,leste
1.250,44 m² construídos2 quartos,leste
1.500,52 m² construídos2 quartos,leste
1.700,69 m² construídos3 quartos,leste
6.000,140 m² construídos3 quartos,leste
1.800,65 m² construídos3 quartos,leste
1.000,42 m² construídos2 quartos,leste
2.940,97 m² construídos3 quartos,leste
1.800,48 m² construídos2 quartos,leste
1.000,50 m² construídos2 quartos,leste
1.000,30 m² construídos1 quarto,leste
1.100,50 m² construídos2 quartos,leste
1.200,38 m² totais2 quartos,leste
1.700,49 m² construídos2 quartos,leste
1.400,40 m² construídos1 quarto,leste
1.100,50 m² construídos2 quartos,leste
1.300,60 m² construídos2 quartos,leste
2.800,88 m² construídos3 quartos,leste
1.900,69 m² construídos3 quartos,leste
2.700,85 m² construídos3 quartos,leste
1.600,53 m² construídos2 quartos,leste
2.300,86 m² construídos3 quartos,leste
3.100,87 m² construídos3 quartos,leste
1.600,50 m² construídos2 quartos,leste
3.500,117 m² construídos3 quartos,leste
1.500,45 m² construídos2 quartos,leste
2.700,55 m² construídos2 quartos,leste
1.300,45 m² construídos2 quartos,leste
1.800,45 m² construídos2 quartos,leste
2.400,67 m² construídos2 quartos,leste
2.000,80 m² construídos2 quartos,leste
1.200,54 m² construídos2 quartos,leste
1.500,53 m² construídos2 quartos,leste
750,50 m² construídos1 quarto,leste
1.300,40 m² construídos2 quartos,leste
4.500,91 m² construídos3 quartos,leste
2.750,68 m² construídos3 quartos,leste
950,55 m² construídos2 quartos,leste
1.200,52 m² construídos2 quartos,leste
1.400,50 m² construídos2 quartos,leste
1.550,43 m² construídos2 quartos,leste
1.800,47 m² construídos2 quartos,leste
2.200,62 m² construídos2 quartos,leste
1.500,82 m² construídos3 quartos,leste
9.000,186 m² construídos3 quartos,leste
1.500,38 m² construídos1 quarto,leste
1.600,60 m² construídos2 quartos,leste
1.600,45 m² construídos1 quarto,leste
1.800,58 m² construídos2 quartos,leste
2.700,73 m² construídos3 quartos,leste
3.800,78 m² construídos2 quartos,leste
1.900,62 m² construídos3 quartos,leste
1.100,44 m² construídos2 quartos,leste
2.000,38 m² construídos2 quartos,leste
4.000,60 m² construídos2 quartos,leste
2.000,38 m² construídos2 quartos,leste
4.000,62 m² construídos2 quartos,leste
1.380,44 m² construídos2 quartos,leste
1.900,68 m² construídos3 quartos,leste
4.000,62 m² construídos2 quartos,leste
3.100,72 m² construídos2 quartos,leste
2.000,56 m² construídos2 quartos,leste
3.900,105 m² construídos3 quartos,leste
1.600,64 m² construídos2 quartos,leste
6.000,138 m² construídos3 quartos,leste
1.100,55 m² construídos2 quartos,leste
1.000,56 m² construídos3 quartos,leste
1.700,56 m² construídos2 quartos,leste
1.800,70 m² construídos3 quartos,leste
1.600,56 m² construídos2 quartos,leste
1.460,60 m² construídos2 quartos,leste
2.160,64 m² construídos2 quartos,leste
3.000,68 m² construídos3 quartos,leste
1.500,120 m² construídos2 quartos,leste
1.200,58 m² construídos2 quartos,leste
1.300,42 m² construídos2 quartos,leste
2.730,65 m² construídos3 quartos,leste
2.250,62 m² construídos1 quarto,leste
1.250,57 m² construídos2 quartos,leste
4.000,115 m² construídos3 quartos,leste
1.300,49 m² construídos2 quartos,leste
4.000,115 m² construídos3 quartos,leste
900,50 m² totais2 quartos,leste
1.225,56 m² construídos2 quartos,leste
1.450,55 m² construídos2 quartos,leste
1.000,47 m² construídos2 quartos,leste
1.500,45 m² construídos2 quartos,leste
1.800,76 m² construídos2 quartos,leste
1.650,70 m² construídos2 quartos,leste
3.900,97 m² construídos2 quartos,leste
1.000,50 m² construídos3 quartos,leste
1.400,67 m² construídos2 quartos,leste
1.600,52 m² construídos2 quartos,leste
1.900,62 m² construídos1 quarto,leste
1.500,60 m² construídos3 quartos,leste
1.400,67 m² construídos2 quartos,leste
1.750,50 m² construídos2 quartos,leste
1.750,90 m² construídos3 quartos,leste
2.100,45 m² construídos2 quartos,leste
1.600,65 m² construídos2 quartos,leste
1.100,42 m² construídos2 quartos,leste
2.000,69 m² construídos2 quartos,leste
2.800,86 m² construídos3 quartos,leste
1.100,37 m² construídos1 quarto,leste
2.530,55 m² construídos3 quartos,leste
1.380,70 m² construídos2 quartos,leste
1.400,40 m² construídos1 quarto,leste
1.800,70 m² construídos2 quartos,leste
1.400,40 m² construídos2 quartos,leste
1.700,56 m² construídos2 quartos,leste
6.000,72 m² construídos1 quarto,leste
1.100,37 m² construídos1 quarto,leste
1.000,38 m² construídos1 quarto,leste
1.300,78 m² construídos2 quartos,leste
1.000,50 m² construídos2 quartos,leste
1.380,70 m² construídos2 quartos,leste
1.800,73 m² construídos2 quartos,leste
2.530,55 m² construídos3 quartos,leste
1.230,53 m² construídos2 quartos,leste
1.200,31 m² construídos2 quartos,leste
1.800,64 m² construídos2 quartos,leste
1.800,70 m² construídos3 quartos,leste
1.600,105 m² construídos3 quartos,leste
3.200,80 m² construídos3 quartos,leste
1.400,52 m² construídos2 quartos,leste
2.100,63 m² construídos3 quartos,leste
2.200,65 m² construídos2 quartos,leste
1.350,48 m² construídos2 quartos,leste
2.000,77 m² construídos2 quartos,leste
3.300,87 m² construídos3 quartos,leste
1.500,77 m² construídos2 quartos,leste
2.300,61 m² construídos3 quartos,leste
1.300,67 m² construídos3 quartos,leste
21.000,661 m² construídos,leste
35.000,680 m² construídos,leste
2.200,90 m² construídos3 quartos,leste
1.500,60 m² construídos2 quartos,leste
1.800,28 m² construídos1 quarto,leste
5.500,164 m² construídos4 quartos,leste
1.600,72 m² construídos3 quartos,leste
4.000,165 m² construídos3 quartos,leste
1.300,27 m² construídos1 quarto,leste
1.600,51 m² construídos2 quartos,leste
1.700,60 m² construídos2 quartos,leste
4.200,140 m² construídos3 quartos,leste
10.000,900 m² construídos,leste
1.300,27 m² construídos1 quarto,leste
1.400,57 m² construídos2 quartos,leste
1.330,30 m² construídos1 quarto,leste
2.400,67 m² construídos2 quartos,leste
2.200,52 m² construídos2 quartos,leste
705,48 m² totais2 quartos,leste
2.700,66 m² construídos2 quartos,leste
1.700,58 m² construídos2 quartos,leste
1.400,67 m² construídos2 quartos,leste
3.100,87 m² construídos3 quartos,leste
800,51 m² construídos2 quartos,leste
7.000,220 m² construídos3 quartos,leste
3.200,95 m² construídos3 quartos,leste
2.200,40 m² construídos1 quarto,leste
30.000,838 m² construídos5 quartos,leste
1.500,67 m² construídos2 quartos,leste
1.100,50 m² construídos2 quartos,leste
1.500,67 m² construídos2 quartos,leste
1.350,48 m² construídos2 quartos,leste
1.400,65 m² construídos2 quartos,leste
2.300,45 m² construídos2 quartos,leste
1.600,49 m² construídos2 quartos,leste
5.000,105 m² construídos3 quartos,leste
2.500,70 m² construídos3 quartos,leste
3.500,94 m² construídos3 quartos,leste
1.950,70 m² construídos2 quartos,leste
1.950,70 m² construídos2 quartos,leste
1.200,32 m² construídos1 quarto,leste
3.300,87 m² construídos3 quartos,leste
5.000,107 m² construídos3 quartos,leste
3.500,94 m² construídos3 quartos,leste
5.000,107 m² construídos3 quartos,leste
12.800,600 m² construídos,leste
3.700,141 m² construídos3 quartos,leste
1.200,45 m² construídos2 quartos,leste
4.122,140 m² construídos4 quartos,leste
1.600,52 m² construídos2 quartos,leste
3.500,70 m² construídos3 quartos,leste
2.075,46 m² construídos2 quartos,leste
2.700,67 m² construídos2 quartos,leste
4.000,60 m² construídos2 quartos,leste
2.200,40 m² construídos1 quarto,leste
15.000,750 m² construídos,leste
45.000,730 m² construídos,leste
10.000,810 m² construídos,leste
13.000,466 m² construídos,leste
12.800,245 m² construídos,leste
8.000,600 m² construídos,leste
12.000,"1,016 m² construídos",leste
3.700,114 m² construídos4 quartos,leste
7.500,508 m² construídos4 quartos,leste
6.800,592 m² construídos,leste
12.000,600 m² construídos,leste
20.000,"1,400 m² construídos",leste
2.500,69 m² construídos3 quartos,leste
1.850,90 m² construídos2 quartos,leste
4.500,133 m² construídos3 quartos,leste
15.000,740 m² construídos,leste
25.000,774 m² construídos,leste
8.000,260 m² construídos4 quartos,leste
25.000,425 m² construídos4 quartos,leste
7.500,290 m² construídos,leste
2.500,75 m² construídos3 quartos,leste
1.890,74 m² construídos3 quartos,leste
4.000,105 m² construídos3 quartos,leste
4.100,220 m² construídos4 quartos,leste
3.800,55 m² construídos1 quarto,leste
20.000,450 m² construídos,leste
2.000,78 m² construídos3 quartos,leste
5.000,181 m² construídos3 quartos,leste
11.000,636 m² construídos,leste
1.900,94 m² construídos3 quartos,leste
9.000,700 m² construídos,leste
7.000,"1,834 m² construídos",leste
1.800,60 m² construídos2 quartos,leste
2.400,75 m² construídos2 quartos,leste
110.000,"3,537 m² construídos",leste
1.900,30 m² construídos1 quarto,leste
1.650,33 m² construídos1 quarto,leste
1.650,30 m² construídos1 quarto,leste
17.000,910 m² construídos,leste
2.500,90 m² construídos2 quartos,leste
1.200,42 m² construídos1 quarto,leste
1.600,50 m² construídos2 quartos,leste
7.000,670 m² construídos,leste
5.200,140 m² construídos4 quartos,leste
1.650,33 m² construídos1 quarto,leste
2.600,59 m² construídos2 quartos,leste
28.000,850 m² construídos,leste
1.350,45 m² construídos1 quarto,leste
1.600,68 m² construídos2 quartos,leste
12.000,150 m² construídos,leste
1.500,65 m² construídos2 quartos,leste
2.100,48 m² construídos2 quartos,leste
1.650,30 m² construídos1 quarto,leste
2.100,70 m² construídos2 quartos,leste
30.000,844 m² construídos,leste
1.900,95 m² construídos3 quartos,leste
3.200,55 m² construídos1 quarto,leste
1.900,56 m² construídos2 quartos,leste
1.300,27 m² construídos1 quarto,leste
1.300,58 m² construídos1 quarto,leste
2.500,85 m² construídos2 quartos,leste
1.930,55 m² construídos2 quartos,oeste
1.200,62 m² construídos3 quartos,oeste
3.800,127 m² construídos2 quartos,oeste
1.400,50 m² construídos2 quartos,oeste
950,40 m² construídos2 quartos,oeste
6.500,181 m² construídos3 quartos,oeste
1.400,60 m² construídos2 quartos,oeste
2.600,95 m² construídos3 quartos,oeste
1.700,70 m² construídos1 quarto,oeste
1.350,60 m² construídos2 quartos,oeste
3.276,35 m² construídos1 quarto,oeste
3.720,31 m² construídos1 quarto,oeste
5.190,90 m² construídos3 quartos,oeste
1.250,60 m² construídos2 quartos,oeste
3.197,64 m² construídos2 quartos,oeste
1.300,60 m² construídos2 quartos,oeste
4.400,100 m² construídos2 quartos,oeste
1.600,60 m² construídos2 quartos,oeste
2.600,130 m² construídos3 quartos,oeste
1.450,50 m² construídos2 quartos,oeste
3.450,65 m² construídos2 quartos,oeste
2.600,50 m² construídos2 quartos,oeste
3.170,70 m² construídos2 quartos,oeste
3.050,70 m² construídos3 quartos,oeste
1.900,44 m² construídos1 quarto,oeste
2.100,28 m² construídos1 quarto,oeste
2.320,42 m² construídos1 quarto,oeste
3.700,45 m² construídos1 quarto,oeste
2.100,45 m² construídos1 quarto,oeste
5.500,88 m² construídos1 quarto,oeste
3.400,20 m² construídos1 quarto,oeste
5.400,156 m² construídos4 quartos,oeste
4.500,65 m² construídos2 quartos,oeste
4.300,42 m² construídos1 quarto,oeste
4.800,45 m² construídos1 quarto,oeste
3.800,90 m² construídos3 quartos,oeste
3.700,50 m² construídos1 quarto,oeste
2.200,60 m² construídos2 quartos,oeste
2.900,61 m² construídos2 quartos,oeste
4.400,50 m² construídos1 quarto,oeste
3.800,50 m² construídos1 quarto,oeste
1.700,55 m² construídos1 quarto,oeste
2.400,86 m² construídos3 quartos,oeste
1.300,69 m² construídos2 quartos,oeste
1.500,60 m² construídos2 quartos,oeste
1.300,68 m² construídos3 quartos,oeste
1.300,67 m² construídos2 quartos,oeste
1.400,78 m² construídos3 quartos,oeste
2.500,57 m² construídos3 quartos,oeste
3.900,80 m² totais3 quartos,oeste
3.100,61 m² construídos2 quartos,oeste
1.000,40 m² construídos,oeste
1.700,40 m² construídos1 quarto,oeste
2.800,115 m² construídos4 quartos,oeste
2.100,40 m² construídos1 quarto,oeste
1.700,55 m² construídos1 quarto,oeste
2.700,65 m² construídos2 quartos,oeste
1.700,45 m² construídos1 quarto,oeste
3.000,49 m² construídos2 quartos,oeste
3.500,60 m² construídos2 quartos,oeste
2.700,60 m² construídos2 quartos,oeste
1.450,57 m² construídos2 quartos,oeste
2.200,100 m² construídos2 quartos,oeste
2.800,70 m² construídos3 quartos,oeste
4.500,75 m² construídos3 quartos,oeste
1.900,37 m² construídos1 quarto,oeste
4.850,113 m² construídos3 quartos,oeste
2.700,90 m² construídos2 quartos,oeste
2.600,68 m² construídos2 quartos,oeste
2.500,70 m² construídos2 quartos,oeste
2.000,57 m² construídos2 quartos,oeste
4.300,125 m² construídos3 quartos,oeste
3.500,83 m² construídos1 quarto,oeste
2.800,55 m² construídos1 quarto,oeste
2.300,70 m² construídos3 quartos,oeste
1.900,60 m² construídos2 quartos,oeste
3.200,30 m² construídos1 quarto,oeste
2.300,60 m² construídos2 quartos,oeste
2.199,65 m² construídos2 quartos,oeste
1.500,62 m² construídos3 quartos,oeste
1.700,56 m² construídos2 quartos,oeste
1.550,54 m² construídos2 quartos,oeste
1.000,46 m² construídos2 quartos,oeste
2.400,58 m² construídos2 quartos,oeste
1.500,68 m² construídos2 quartos,oeste
4.100,87 m² construídos3 quartos,oeste
3.600,117 m² construídos4 quartos,oeste
3.000,30 m² construídos1 quarto,oeste
1.850,42 m² construídos2 quartos,oeste
4.500,75 m² construídos3 quartos,oeste
3.600,124 m² construídos3 quartos,oeste
4.500,75 m² construídos3 quartos,oeste
5.500,103 m² construídos3 quartos,oeste
1.800,53 m² construídos2 quartos,oeste
22.000,282 m² construídos4 quartos,oeste
4.350,92 m² construídos3 quartos,oeste
2.500,72 m² construídos2 quartos,oeste
1.400,50 m² construídos2 quartos,oeste
23.000,400 m² construídos5 quartos,oeste
13.000,337 m² construídos4 quartos,oeste
7.000,180 m² construídos3 quartos,oeste
20.000,290 m² construídos4 quartos,oeste
7.000,203 m² construídos2 quartos,oeste
20.000,320 m² construídos5 quartos,oeste
8.770,98 m² construídos2 quartos,oeste
7.000,160 m² construídos3 quartos,oeste
17.000,182 m² construídos3 quartos,oeste
8.000,140 m² construídos3 quartos,oeste
10.000,190 m² construídos3 quartos,oeste
9.500,184 m² construídos4 quartos,oeste
8.000,177 m² construídos4 quartos,oeste
2.000,72 m² construídos3 quartos,oeste
3.200,35 m² construídos1 quarto,oeste
4.500,75 m² construídos3 quartos,oeste
4.500,75 m² construídos3 quartos,oeste
8.500,156 m² construídos3 quartos,oeste
4.500,"75,100 m² construídos3 quartos",oeste
1.900,65 m² construídos3 quartos,oeste
3.000,71 m² construídos3 quartos,oeste
4.490,64 m² construídos2 quartos,oeste
6.290,86 m² construídos3 quartos,oeste
6.290,86 m² construídos3 quartos,oeste
2.550,67 m² construídos2 quartos,oeste
2.400,51 m² construídos2 quartos,oeste
2.600,58 m² construídos2 quartos,oeste
2.550,60 m² construídos2 quartos,oeste
3.250,90 m² construídos3 quartos,oeste
5.200,159 m² construídos3 quartos,oeste
3.100,61 m² construídos2 quartos,oeste
3.100,61 m² construídos2 quartos,oeste
51.000,475 m² construídos4 quartos,oeste
5.500,172 m² construídos3 quartos,oeste
6.800,70 m² construídos2 quartos,oeste
2.000,94 m² construídos2 quartos,oeste
18.000,240 m² construídos3 quartos,oeste
2.590,55 m² construídos2 quartos,oeste
4.500,75 m² construídos3 quartos,oeste
4.800,147 m² construídos3 quartos,oeste
7.000,96 m² construídos2 quartos,oeste
7.000,136 m² construídos3 quartos,oeste
6.000,130 m² construídos3 quartos,oeste
3.800,100 m² construídos3 quartos,oeste
2.500,68 m² construídos3 quartos,oeste
1.400,38 m² construídos1 quarto,oeste
3.600,52 m² construídos1 quarto,oeste
5.900,57 m² construídos1 quarto,oeste
3.000,35 m² construídos1 quarto,oeste
1.650,60 m² construídos2 quartos,oeste
1.800,34 m² construídos2 quartos,oeste
5.800,129 m² construídos3 quartos,oeste
3.000,52 m² construídos2 quartos,oeste
45.000,300 m² construídos3 quartos,oeste
1.400,55 m² construídos2 quartos,oeste
5.800,129 m² construídos3 quartos,oeste
3.500,79 m² construídos2 quartos,oeste
3.000,73 m² construídos3 quartos,oeste
1.790,64 m² construídos2 quartos,oeste
1.700,65 m² construídos2 quartos,oeste
2.600,65 m² construídos2 quartos,oeste
17.000,273 m² construídos3 quartos,oeste
2.200,125 m² construídos3 quartos,oeste
5.444,34 m² construídos1 quarto,oeste
2.100,55 m² construídos2 quartos,oeste
3.200,96 m² construídos2 quartos,oeste
4.700,38 m² construídos1 quarto,oeste
4.500,75 m² construídos3 quartos,oeste
30.000,236 m² construídos3 quartos,oeste
8.500,200 m² construídos3 quartos,oeste
10.000,75 m² construídos2 quartos,oeste
4.000,92 m² construídos2 quartos,oeste
5.000,100 m² construídos3 quartos,oeste
12.500,240 m² construídos,oeste
1.600,65 m² totais3 quartos,oeste
1.400,60 m² construídos2 quartos,oeste
22.000,216 m² construídos3 quartos,oeste
10.000,246 m² construídos4 quartos,oeste
14.000,107 m² construídos2 quartos,oeste
1.400,64 m² totais2 quartos,oeste
1.500,65 m² construídos3 quartos,oeste
1.300,43 m² construídos2 quartos,oeste
1.100,43 m² construídos2 quartos,oeste
4.000,50 m² construídos1 quarto,oeste
12.000,210 m² construídos,oeste
3.000,60 m² construídos2 quartos,oeste
7.250,80 m² construídos1 quarto,oeste
2.200,60 m² construídos2 quartos,oeste
2.300,70 m² construídos2 quartos,oeste
2.500,70 m² construídos2 quartos,oeste
1.430,52 m² construídos2 quartos,oeste
1.300,54 m² construídos2 quartos,oeste
2.100,80 m² construídos3 quartos,oeste
3.600,40 m² construídos1 quarto,oeste
3.800,130 m² construídos3 quartos,oeste
2.500,69 m² construídos2 quartos,oeste
3.500,30 m² construídos1 quarto,oeste
12.000,267 m² construídos3 quartos,oeste
2.300,29 m² construídos1 quarto,oeste
2.000,78 m² construídos3 quartos,oeste
4.000,90 m² construídos3 quartos,oeste
2.100,51 m² construídos2 quartos,oeste
2.000,78 m² construídos3 quartos,oeste
7.200,66 m² construídos2 quartos,oeste
2.700,75 m² construídos2 quartos,oeste
6.750.000,108 m² construídos3 quartos,oeste
4.500,94 m² construídos2 quartos,oeste
1.500,43 m² construídos2 quartos,oeste
2.300,61 m² construídos2 quartos,oeste
3.500,110 m² construídos3 quartos,oeste
1.800,58 m² construídos2 quartos,oeste
1.600,63 m² totais2 quartos,oeste
2.300,42 m² construídos1 quarto,oeste
2.300,61 m² construídos2 quartos,oeste
5.800,52 m² construídos1 quarto,oeste
4.500,60 m² construídos2 quartos,oeste
1.700,50 m² construídos2 quartos,oeste
2.400,58 m² construídos2 quartos,oeste
1.200,88 m² construídos3 quartos,oeste
2.700,70 m² construídos2 quartos,oeste
7.500,84 m² construídos2 quartos,oeste
2.300,70 m² construídos2 quartos,oeste
2.300,70 m² construídos2 quartos,oeste
8.600,78 m² construídos2 quartos,oeste
2.700,77 m² construídos2 quartos,oeste
2.000,62 m² construídos3 quartos,oeste
10.500,223 m² construídos3 quartos,oeste
4.700,88 m² construídos2 quartos,oeste
2.300,67 m² construídos3 quartos,oeste
2.750,65 m² construídos3 quartos,oeste
4.000,52 m² construídos1 quarto,oeste
3.000,60 m² construídos2 quartos,oeste
10.000,180 m² construídos3 quartos,oeste
3.000,40 m² construídos1 quarto,oeste
1.990,65 m² construídos2 quartos,oeste
7.500,80 m² construídos2 quartos,oeste
2.200,67 m² construídos3 quartos,oeste
1.700,61 m² construídos3 quartos,oeste
1.200,43 m² construídos2 quartos,oeste
1.750,60 m² construídos2 quartos,oeste
1.990,65 m² construídos2 quartos,oeste
5.000,91 m² construídos1 quarto,oeste
3.309,74 m² construídos3 quartos,oeste
5.500,70 m² construídos1 quarto,oeste
3.500,94 m² construídos3 quartos,oeste
1.200,37 m² construídos1 quarto,oeste
1.000,58 m² construídos2 quartos,oeste
1.800,53 m² construídos2 quartos,oeste
2.200,64 m² construídos2 quartos,oeste
4.000,176 m² construídos4 quartos,oeste
1.450,63 m² construídos3 quartos,oeste
1.950,67 m² construídos3 quartos,oeste
3.000,94 m² construídos2 quartos,oeste
3.700,135 m² construídos3 quartos,oeste
45.000,463 m² construídos4 quartos,oeste
3.300,50 m² construídos2 quartos,oeste
2.900,96 m² construídos3 quartos,oeste
9.800,187 m² construídos3 quartos,oeste
1.500,64 m² construídos3 quartos,oeste
25.000,427 m² construídos4 quartos,oeste
6.900,152 m² construídos2 quartos,oeste
7.000,230 m² construídos3 quartos,oeste
10.000,380 m² construídos4 quartos,oeste
2.250,24 m² construídos1 quarto,oeste
3.800,117 m² construídos3 quartos,oeste
1.500,48 m² construídos2 quartos,oeste
2.800,125 m² construídos3 quartos,oeste
8.500,160 m² construídos2 quartos,oeste
3.350,60 m² construídos2 quartos,oeste
7.770,98 m² construídos2 quartos,oeste
13.000,392 m² construídos4 quartos,oeste
12.000,250 m² construídos4 quartos,oeste
5.800,129 m² construídos3 quartos,oeste
13.500,230 m² construídos4 quartos,oeste
2.405,58 m² construídos1 quarto,oeste
2.800,69 m² construídos3 quartos,oeste
2.200,68 m² construídos2 quartos,oeste
3.300,103 m² construídos3 quartos,oeste
5.000,220 m² construídos4 quartos,oeste
9.000,193 m² construídos4 quartos,oeste
10.000,180 m² construídos3 quartos,oeste
2.650,100 m² construídos2 quartos,oeste
3.800,100 m² construídos2 quartos,oeste
58.000,815 m² construídos3 quartos,oeste
65.000,672 m² construídos5 quartos,oeste
10.000,337 m² construídos4 quartos,oeste
2.800,147 m² construídos3 quartos,oeste
8.000,370 m² construídos5 quartos,oeste
3.200,78 m² construídos3 quartos,oeste
3.700,144 m² construídos4 quartos,oeste
